<line> <from><name>Yoko</name><id>1</id></from> <control1><name>Yoko</name><id>2</id></control1> <control2><name>Yoko</name><id>13</id></control2> <to><name>Yoko</name><id>20</id></to> </line> <line> <from><name>Yoko</name><id>11</id></from> <control1><name>Yoko</name><id>2</id></control1> <control2><name>Yoko</name><id>22</id></control2> <to><name>Yoko</name><id>3</id></to> </line> <line> <from><name>Yoko</name><id>5</id></from> <control1><name>Yoko</name><id>18</id></control1> <control2><name>Yoko</name><id>15</id></control2> <to><name>Yoko</name><id>1</id></to> </line>