<line>
 <from><name>Cyril</name><id>11</id></from>
 <control1><name>Cyril</name><id>10</id></control1>
 <control2><name>Cyril</name><id>17</id></control2>
 <to><name>Cyril</name><id>15</id></to>
 <param>
 	<curve>138.6</curve>
 	<color>
 		<r>255</r>
		<g>0</g>
		<b>0</b>
 	</color>
 	<radius>0</radius>
 	<num_rotate>0.56</num_rotate>
 	<scale>0.0</scale>
 	<freq>0.0</freq>
 	<extend_from>300.0</extend_from>
 	<extend_to>260.0</extend_to>
 	<line_width>4</line_width>
 </param>
 </line>
 <line>
 <from><name>Cyril</name><id>20</id></from>
 <control1><name>Cyril</name><id>21</id></control1>
 <control2><name>Cyril</name><id>7</id></control2>
 <to><name>Cyril</name><id>6</id></to>
 <param>
 	<curve>138.6</curve>
 	<color>
 		<r>255</r>
		<g>255</g>
		<b>0</b>
 	</color>
 	<radius>0</radius>
 	<num_rotate>0.56</num_rotate>
 	<scale>0.0</scale>
 	<freq>0.0</freq>
 	<extend_from>360.0</extend_from>
 	<extend_to>300.0</extend_to>
 		<line_width>4</line_width>
 </param>
 </line>
 <line>
 <from><name>Yoko</name><id>21</id></from>
 <control1><name>Yoko</name><id>20</id></control1>
 <control2><name>Yoko</name><id>8</id></control2>
 <to><name>Yoko</name><id>7</id></to>
 <param>
 	<curve>250.6</curve>
 	<color>
 		<r>0</r>
		<g>255</g>
		<b>0</b>
 	</color>
 	<radius>0</radius>
 	<num_rotate>0.56</num_rotate>
 	<scale>0.0</scale>
 	<freq>0.0</freq>
 	<extend_from>300.0</extend_from>
 	<extend_to>260.0</extend_to>
 		<line_width>4</line_width>
 </param>
 </line>